{
    "epoch_1": {
        "epoch": 1,
        "angles": {
            "rz00": -2.565,
            "rz10": -0.13,
            "rz20": 1.951,
            "ry01": -3.047,
            "ry11": -3.045,
            "ry21": 0.651,
            "rz02": -1.685,
            "rz12": 2.283,
            "rz22": 3.053,
            "ry03": -1.901,
            "ry13": -2.62,
            "ry23": -0.469
        }
    },
    "epoch_2": {
        "epoch": 2,
        "angles": {
            "rz00": -2.57,
            "rz10": -0.135,
            "rz20": 1.953,
            "ry01": -3.052,
            "ry11": -3.05,
            "ry21": 0.656,
            "rz02": -1.68,
            "rz12": 2.278,
            "rz22": 3.055,
            "ry03": -1.896,
            "ry13": -2.619,
            "ry23": -0.472
        }
    },
    "epoch_3": {
        "epoch": 3,
        "angles": {
            "rz00": -2.574,
            "rz10": -0.14,
            "rz20": 1.953,
            "ry01": -3.057,
            "ry11": -3.055,
            "ry21": 0.661,
            "rz02": -1.675,
            "rz12": 2.273,
            "rz22": 3.056,
            "ry03": -1.891,
            "ry13": -2.618,
            "ry23": -0.473
        }
    },
    "epoch_4": {
        "epoch": 4,
        "angles": {
            "rz00": -2.577,
            "rz10": -0.145,
            "rz20": 1.954,
            "ry01": -3.062,
            "ry11": -3.06,
            "ry21": 0.666,
            "rz02": -1.67,
            "rz12": 2.268,
            "rz22": 3.056,
            "ry03": -1.886,
            "ry13": -2.617,
            "ry23": -0.473
        }
    },
    "epoch_5": {
        "epoch": 5,
        "angles": {
            "rz00": -2.578,
            "rz10": -0.15,
            "rz20": 1.955,
            "ry01": -3.067,
            "ry11": -3.065,
            "ry21": 0.671,
            "rz02": -1.665,
            "rz12": 2.263,
            "rz22": 3.057,
            "ry03": -1.881,
            "ry13": -2.616,
            "ry23": -0.473
        }
    },
    "epoch_6": {
        "epoch": 6,
        "angles": {
            "rz00": -2.577,
            "rz10": -0.155,
            "rz20": 1.955,
            "ry01": -3.072,
            "ry11": -3.071,
            "ry21": 0.676,
            "rz02": -1.66,
            "rz12": 2.258,
            "rz22": 3.057,
            "ry03": -1.876,
            "ry13": -2.616,
            "ry23": -0.472
        }
    },
    "epoch_7": {
        "epoch": 7,
        "angles": {
            "rz00": -2.574,
            "rz10": -0.16,
            "rz20": 1.955,
            "ry01": -3.076,
            "ry11": -3.076,
            "ry21": 0.681,
            "rz02": -1.656,
            "rz12": 2.254,
            "rz22": 3.057,
            "ry03": -1.871,
            "ry13": -2.616,
            "ry23": -0.47
        }
    },
    "epoch_8": {
        "epoch": 8,
        "angles": {
            "rz00": -2.571,
            "rz10": -0.165,
            "rz20": 1.955,
            "ry01": -3.081,
            "ry11": -3.081,
            "ry21": 0.686,
            "rz02": -1.651,
            "rz12": 2.25,
            "rz22": 3.057,
            "ry03": -1.866,
            "ry13": -2.616,
            "ry23": -0.469
        }
    },
    "epoch_9": {
        "epoch": 9,
        "angles": {
            "rz00": -2.567,
            "rz10": -0.17,
            "rz20": 1.955,
            "ry01": -3.086,
            "ry11": -3.086,
            "ry21": 0.69,
            "rz02": -1.647,
            "rz12": 2.246,
            "rz22": 3.058,
            "ry03": -1.861,
            "ry13": -2.615,
            "ry23": -0.468
        }
    },
    "epoch_10": {
        "epoch": 10,
        "angles": {
            "rz00": -2.562,
            "rz10": -0.175,
            "rz20": 1.956,
            "ry01": -3.091,
            "ry11": -3.091,
            "ry21": 0.695,
            "rz02": -1.642,
            "rz12": 2.243,
            "rz22": 3.058,
            "ry03": -1.856,
            "ry13": -2.615,
            "ry23": -0.468
        }
    },
    "epoch_11": {
        "epoch": 11,
        "angles": {
            "rz00": -2.558,
            "rz10": -0.18,
            "rz20": 1.956,
            "ry01": -3.096,
            "ry11": -3.096,
            "ry21": 0.7,
            "rz02": -1.638,
            "rz12": 2.24,
            "rz22": 3.058,
            "ry03": -1.851,
            "ry13": -2.614,
            "ry23": -0.468
        }
    },
    "epoch_12": {
        "epoch": 12,
        "angles": {
            "rz00": -2.553,
            "rz10": -0.185,
            "rz20": 1.957,
            "ry01": -3.1,
            "ry11": -3.102,
            "ry21": 0.705,
            "rz02": -1.634,
            "rz12": 2.238,
            "rz22": 3.059,
            "ry03": -1.846,
            "ry13": -2.613,
            "ry23": -0.468
        }
    },
    "epoch_13": {
        "epoch": 13,
        "angles": {
            "rz00": -2.548,
            "rz10": -0.191,
            "rz20": 1.957,
            "ry01": -3.105,
            "ry11": -3.107,
            "ry21": 0.71,
            "rz02": -1.63,
            "rz12": 2.237,
            "rz22": 3.059,
            "ry03": -1.841,
            "ry13": -2.613,
            "ry23": -0.468
        }
    },
    "epoch_14": {
        "epoch": 14,
        "angles": {
            "rz00": -2.543,
            "rz10": -0.196,
            "rz20": 1.957,
            "ry01": -3.109,
            "ry11": -3.112,
            "ry21": 0.715,
            "rz02": -1.627,
            "rz12": 2.237,
            "rz22": 3.06,
            "ry03": -1.836,
            "ry13": -2.612,
            "ry23": -0.468
        }
    },
    "epoch_15": {
        "epoch": 15,
        "angles": {
            "rz00": -2.538,
            "rz10": -0.201,
            "rz20": 1.957,
            "ry01": -3.114,
            "ry11": -3.118,
            "ry21": 0.719,
            "rz02": -1.624,
            "rz12": 2.238,
            "rz22": 3.06,
            "ry03": -1.832,
            "ry13": -2.612,
            "ry23": -0.468
        }
    },
    "epoch_16": {
        "epoch": 16,
        "angles": {
            "rz00": -2.533,
            "rz10": -0.206,
            "rz20": 1.957,
            "ry01": -3.118,
            "ry11": -3.123,
            "ry21": 0.724,
            "rz02": -1.621,
            "rz12": 2.239,
            "rz22": 3.061,
            "ry03": -1.827,
            "ry13": -2.611,
            "ry23": -0.468
        }
    },
    "epoch_17": {
        "epoch": 17,
        "angles": {
            "rz00": -2.528,
            "rz10": -0.212,
            "rz20": 1.957,
            "ry01": -3.122,
            "ry11": -3.129,
            "ry21": 0.729,
            "rz02": -1.619,
            "rz12": 2.241,
            "rz22": 3.061,
            "ry03": -1.822,
            "ry13": -2.611,
            "ry23": -0.467
        }
    },
    "epoch_18": {
        "epoch": 18,
        "angles": {
            "rz00": -2.522,
            "rz10": -0.217,
            "rz20": 1.957,
            "ry01": -3.126,
            "ry11": -3.134,
            "ry21": 0.733,
            "rz02": -1.618,
            "rz12": 2.244,
            "rz22": 3.061,
            "ry03": -1.817,
            "ry13": -2.611,
            "ry23": -0.467
        }
    },
    "epoch_19": {
        "epoch": 19,
        "angles": {
            "rz00": -2.517,
            "rz10": -0.222,
            "rz20": 1.957,
            "ry01": -3.131,
            "ry11": -3.14,
            "ry21": 0.738,
            "rz02": -1.617,
            "rz12": 2.247,
            "rz22": 3.061,
            "ry03": -1.813,
            "ry13": -2.611,
            "ry23": -0.467
        }
    },
    "epoch_20": {
        "epoch": 20,
        "angles": {
            "rz00": -2.511,
            "rz10": -0.228,
            "rz20": 1.956,
            "ry01": -3.135,
            "ry11": -3.145,
            "ry21": 0.742,
            "rz02": -1.616,
            "rz12": 2.251,
            "rz22": 3.061,
            "ry03": -1.808,
            "ry13": -2.61,
            "ry23": -0.468
        }
    },
    "epoch_21": {
        "epoch": 21,
        "angles": {
            "rz00": -2.506,
            "rz10": -0.233,
            "rz20": 1.955,
            "ry01": -3.139,
            "ry11": -3.151,
            "ry21": 0.747,
            "rz02": -1.616,
            "rz12": 2.255,
            "rz22": 3.06,
            "ry03": -1.803,
            "ry13": -2.61,
            "ry23": -0.469
        }
    },
    "epoch_22": {
        "epoch": 22,
        "angles": {
            "rz00": -2.5,
            "rz10": -0.238,
            "rz20": 1.955,
            "ry01": -3.142,
            "ry11": -3.157,
            "ry21": 0.751,
            "rz02": -1.617,
            "rz12": 2.26,
            "rz22": 3.06,
            "ry03": -1.799,
            "ry13": -2.61,
            "ry23": -0.47
        }
    },
    "epoch_23": {
        "epoch": 23,
        "angles": {
            "rz00": -2.494,
            "rz10": -0.244,
            "rz20": 1.954,
            "ry01": -3.146,
            "ry11": -3.163,
            "ry21": 0.756,
            "rz02": -1.618,
            "rz12": 2.265,
            "rz22": 3.059,
            "ry03": -1.794,
            "ry13": -2.61,
            "ry23": -0.471
        }
    },
    "epoch_24": {
        "epoch": 24,
        "angles": {
            "rz00": -2.488,
            "rz10": -0.249,
            "rz20": 1.953,
            "ry01": -3.15,
            "ry11": -3.169,
            "ry21": 0.76,
            "rz02": -1.62,
            "rz12": 2.27,
            "rz22": 3.059,
            "ry03": -1.79,
            "ry13": -2.609,
            "ry23": -0.472
        }
    },
    "epoch_25": {
        "epoch": 25,
        "angles": {
            "rz00": -2.482,
            "rz10": -0.255,
            "rz20": 1.952,
            "ry01": -3.154,
            "ry11": -3.175,
            "ry21": 0.764,
            "rz02": -1.622,
            "rz12": 2.275,
            "rz22": 3.058,
            "ry03": -1.785,
            "ry13": -2.609,
            "ry23": -0.473
        }
    },
    "epoch_26": {
        "epoch": 26,
        "angles": {
            "rz00": -2.476,
            "rz10": -0.26,
            "rz20": 1.951,
            "ry01": -3.158,
            "ry11": -3.181,
            "ry21": 0.768,
            "rz02": -1.625,
            "rz12": 2.28,
            "rz22": 3.057,
            "ry03": -1.781,
            "ry13": -2.609,
            "ry23": -0.473
        }
    },
    "epoch_27": {
        "epoch": 27,
        "angles": {
            "rz00": -2.47,
            "rz10": -0.266,
            "rz20": 1.95,
            "ry01": -3.162,
            "ry11": -3.187,
            "ry21": 0.772,
            "rz02": -1.628,
            "rz12": 2.286,
            "rz22": 3.057,
            "ry03": -1.776,
            "ry13": -2.609,
            "ry23": -0.474
        }
    },
    "epoch_28": {
        "epoch": 28,
        "angles": {
            "rz00": -2.464,
            "rz10": -0.271,
            "rz20": 1.949,
            "ry01": -3.166,
            "ry11": -3.193,
            "ry21": 0.776,
            "rz02": -1.632,
            "rz12": 2.292,
            "rz22": 3.056,
            "ry03": -1.772,
            "ry13": -2.609,
            "ry23": -0.475
        }
    },
    "epoch_29": {
        "epoch": 29,
        "angles": {
            "rz00": -2.457,
            "rz10": -0.277,
            "rz20": 1.948,
            "ry01": -3.17,
            "ry11": -3.2,
            "ry21": 0.78,
            "rz02": -1.636,
            "rz12": 2.298,
            "rz22": 3.056,
            "ry03": -1.768,
            "ry13": -2.609,
            "ry23": -0.477
        }
    },
    "epoch_30": {
        "epoch": 30,
        "angles": {
            "rz00": -2.451,
            "rz10": -0.282,
            "rz20": 1.947,
            "ry01": -3.174,
            "ry11": -3.206,
            "ry21": 0.784,
            "rz02": -1.64,
            "rz12": 2.304,
            "rz22": 3.055,
            "ry03": -1.763,
            "ry13": -2.609,
            "ry23": -0.478
        }
    },
    "epoch_31": {
        "epoch": 31,
        "angles": {
            "rz00": -2.445,
            "rz10": -0.288,
            "rz20": 1.947,
            "ry01": -3.178,
            "ry11": -3.212,
            "ry21": 0.788,
            "rz02": -1.645,
            "rz12": 2.31,
            "rz22": 3.055,
            "ry03": -1.759,
            "ry13": -2.609,
            "ry23": -0.479
        }
    },
    "epoch_32": {
        "epoch": 32,
        "angles": {
            "rz00": -2.438,
            "rz10": -0.294,
            "rz20": 1.947,
            "ry01": -3.182,
            "ry11": -3.219,
            "ry21": 0.792,
            "rz02": -1.65,
            "rz12": 2.316,
            "rz22": 3.055,
            "ry03": -1.755,
            "ry13": -2.609,
            "ry23": -0.48
        }
    },
    "epoch_33": {
        "epoch": 33,
        "angles": {
            "rz00": -2.432,
            "rz10": -0.299,
            "rz20": 1.946,
            "ry01": -3.187,
            "ry11": -3.225,
            "ry21": 0.796,
            "rz02": -1.655,
            "rz12": 2.323,
            "rz22": 3.055,
            "ry03": -1.751,
            "ry13": -2.609,
            "ry23": -0.48
        }
    },
    "epoch_34": {
        "epoch": 34,
        "angles": {
            "rz00": -2.425,
            "rz10": -0.305,
            "rz20": 1.946,
            "ry01": -3.191,
            "ry11": -3.232,
            "ry21": 0.799,
            "rz02": -1.661,
            "rz12": 2.329,
            "rz22": 3.055,
            "ry03": -1.746,
            "ry13": -2.609,
            "ry23": -0.48
        }
    },
    "epoch_35": {
        "epoch": 35,
        "angles": {
            "rz00": -2.419,
            "rz10": -0.31,
            "rz20": 1.946,
            "ry01": -3.196,
            "ry11": -3.238,
            "ry21": 0.803,
            "rz02": -1.667,
            "rz12": 2.336,
            "rz22": 3.055,
            "ry03": -1.742,
            "ry13": -2.609,
            "ry23": -0.48
        }
    },
    "epoch_36": {
        "epoch": 36,
        "angles": {
            "rz00": -2.412,
            "rz10": -0.316,
            "rz20": 1.946,
            "ry01": -3.201,
            "ry11": -3.245,
            "ry21": 0.806,
            "rz02": -1.673,
            "rz12": 2.342,
            "rz22": 3.055,
            "ry03": -1.738,
            "ry13": -2.609,
            "ry23": -0.479
        }
    },
    "epoch_37": {
        "epoch": 37,
        "angles": {
            "rz00": -2.406,
            "rz10": -0.322,
            "rz20": 1.945,
            "ry01": -3.206,
            "ry11": -3.252,
            "ry21": 0.81,
            "rz02": -1.679,
            "rz12": 2.349,
            "rz22": 3.054,
            "ry03": -1.734,
            "ry13": -2.609,
            "ry23": -0.479
        }
    },
    "epoch_38": {
        "epoch": 38,
        "angles": {
            "rz00": -2.399,
            "rz10": -0.327,
            "rz20": 1.945,
            "ry01": -3.211,
            "ry11": -3.258,
            "ry21": 0.813,
            "rz02": -1.685,
            "rz12": 2.356,
            "rz22": 3.054,
            "ry03": -1.73,
            "ry13": -2.609,
            "ry23": -0.479
        }
    },
    "epoch_39": {
        "epoch": 39,
        "angles": {
            "rz00": -2.392,
            "rz10": -0.333,
            "rz20": 1.945,
            "ry01": -3.216,
            "ry11": -3.265,
            "ry21": 0.816,
            "rz02": -1.691,
            "rz12": 2.363,
            "rz22": 3.054,
            "ry03": -1.726,
            "ry13": -2.609,
            "ry23": -0.48
        }
    },
    "epoch_40": {
        "epoch": 40,
        "angles": {
            "rz00": -2.386,
            "rz10": -0.339,
            "rz20": 1.945,
            "ry01": -3.222,
            "ry11": -3.272,
            "ry21": 0.82,
            "rz02": -1.698,
            "rz12": 2.37,
            "rz22": 3.054,
            "ry03": -1.722,
            "ry13": -2.609,
            "ry23": -0.48
        }
    },
    "epoch_41": {
        "epoch": 41,
        "angles": {
            "rz00": -2.379,
            "rz10": -0.344,
            "rz20": 1.945,
            "ry01": -3.227,
            "ry11": -3.279,
            "ry21": 0.823,
            "rz02": -1.704,
            "rz12": 2.377,
            "rz22": 3.054,
            "ry03": -1.718,
            "ry13": -2.609,
            "ry23": -0.481
        }
    },
    "epoch_42": {
        "epoch": 42,
        "angles": {
            "rz00": -2.372,
            "rz10": -0.35,
            "rz20": 1.945,
            "ry01": -3.233,
            "ry11": -3.286,
            "ry21": 0.826,
            "rz02": -1.711,
            "rz12": 2.384,
            "rz22": 3.054,
            "ry03": -1.714,
            "ry13": -2.609,
            "ry23": -0.481
        }
    },
    "epoch_43": {
        "epoch": 43,
        "angles": {
            "rz00": -2.365,
            "rz10": -0.356,
            "rz20": 1.944,
            "ry01": -3.239,
            "ry11": -3.293,
            "ry21": 0.829,
            "rz02": -1.718,
            "rz12": 2.391,
            "rz22": 3.054,
            "ry03": -1.711,
            "ry13": -2.609,
            "ry23": -0.481
        }
    },
    "epoch_44": {
        "epoch": 44,
        "angles": {
            "rz00": -2.358,
            "rz10": -0.362,
            "rz20": 1.944,
            "ry01": -3.245,
            "ry11": -3.3,
            "ry21": 0.832,
            "rz02": -1.725,
            "rz12": 2.398,
            "rz22": 3.054,
            "ry03": -1.707,
            "ry13": -2.609,
            "ry23": -0.481
        }
    },
    "epoch_45": {
        "epoch": 45,
        "angles": {
            "rz00": -2.352,
            "rz10": -0.367,
            "rz20": 1.945,
            "ry01": -3.252,
            "ry11": -3.307,
            "ry21": 0.835,
            "rz02": -1.732,
            "rz12": 2.405,
            "rz22": 3.054,
            "ry03": -1.703,
            "ry13": -2.609,
            "ry23": -0.481
        }
    },
    "epoch_46": {
        "epoch": 46,
        "angles": {
            "rz00": -2.345,
            "rz10": -0.373,
            "rz20": 1.945,
            "ry01": -3.258,
            "ry11": -3.314,
            "ry21": 0.838,
            "rz02": -1.739,
            "rz12": 2.413,
            "rz22": 3.054,
            "ry03": -1.699,
            "ry13": -2.61,
            "ry23": -0.481
        }
    },
    "epoch_47": {
        "epoch": 47,
        "angles": {
            "rz00": -2.338,
            "rz10": -0.379,
            "rz20": 1.945,
            "ry01": -3.264,
            "ry11": -3.321,
            "ry21": 0.84,
            "rz02": -1.746,
            "rz12": 2.42,
            "rz22": 3.054,
            "ry03": -1.695,
            "ry13": -2.61,
            "ry23": -0.48
        }
    },
    "epoch_48": {
        "epoch": 48,
        "angles": {
            "rz00": -2.331,
            "rz10": -0.384,
            "rz20": 1.945,
            "ry01": -3.271,
            "ry11": -3.328,
            "ry21": 0.843,
            "rz02": -1.753,
            "rz12": 2.427,
            "rz22": 3.054,
            "ry03": -1.692,
            "ry13": -2.61,
            "ry23": -0.48
        }
    },
    "epoch_49": {
        "epoch": 49,
        "angles": {
            "rz00": -2.324,
            "rz10": -0.39,
            "rz20": 1.945,
            "ry01": -3.278,
            "ry11": -3.335,
            "ry21": 0.846,
            "rz02": -1.76,
            "rz12": 2.434,
            "rz22": 3.054,
            "ry03": -1.688,
            "ry13": -2.61,
            "ry23": -0.48
        }
    },
    "epoch_50": {
        "epoch": 50,
        "angles": {
            "rz00": -2.317,
            "rz10": -0.396,
            "rz20": 1.945,
            "ry01": -3.285,
            "ry11": -3.342,
            "ry21": 0.849,
            "rz02": -1.768,
            "rz12": 2.442,
            "rz22": 3.054,
            "ry03": -1.684,
            "ry13": -2.61,
            "ry23": -0.48
        }
    },
    "epoch_51": {
        "epoch": 51,
        "angles": {
            "rz00": -2.31,
            "rz10": -0.402,
            "rz20": 1.945,
            "ry01": -3.292,
            "ry11": -3.349,
            "ry21": 0.851,
            "rz02": -1.775,
            "rz12": 2.449,
            "rz22": 3.054,
            "ry03": -1.681,
            "ry13": -2.61,
            "ry23": -0.48
        }
    },
    "epoch_52": {
        "epoch": 52,
        "angles": {
            "rz00": -2.303,
            "rz10": -0.407,
            "rz20": 1.945,
            "ry01": -3.299,
            "ry11": -3.356,
            "ry21": 0.854,
            "rz02": -1.782,
            "rz12": 2.457,
            "rz22": 3.054,
            "ry03": -1.677,
            "ry13": -2.61,
            "ry23": -0.481
        }
    },
    "epoch_53": {
        "epoch": 53,
        "angles": {
            "rz00": -2.297,
            "rz10": -0.413,
            "rz20": 1.945,
            "ry01": -3.306,
            "ry11": -3.364,
            "ry21": 0.856,
            "rz02": -1.79,
            "rz12": 2.464,
            "rz22": 3.054,
            "ry03": -1.673,
            "ry13": -2.61,
            "ry23": -0.481
        }
    },
    "epoch_54": {
        "epoch": 54,
        "angles": {
            "rz00": -2.29,
            "rz10": -0.419,
            "rz20": 1.946,
            "ry01": -3.313,
            "ry11": -3.371,
            "ry21": 0.858,
            "rz02": -1.797,
            "rz12": 2.472,
            "rz22": 3.054,
            "ry03": -1.669,
            "ry13": -2.611,
            "ry23": -0.482
        }
    },
    "epoch_55": {
        "epoch": 55,
        "angles": {
            "rz00": -2.283,
            "rz10": -0.424,
            "rz20": 1.946,
            "ry01": -3.32,
            "ry11": -3.378,
            "ry21": 0.861,
            "rz02": -1.805,
            "rz12": 2.479,
            "rz22": 3.054,
            "ry03": -1.666,
            "ry13": -2.611,
            "ry23": -0.483
        }
    },
    "epoch_56": {
        "epoch": 56,
        "angles": {
            "rz00": -2.276,
            "rz10": -0.43,
            "rz20": 1.946,
            "ry01": -3.327,
            "ry11": -3.385,
            "ry21": 0.863,
            "rz02": -1.812,
            "rz12": 2.487,
            "rz22": 3.054,
            "ry03": -1.662,
            "ry13": -2.612,
            "ry23": -0.484
        }
    },
    "epoch_57": {
        "epoch": 57,
        "angles": {
            "rz00": -2.269,
            "rz10": -0.436,
            "rz20": 1.947,
            "ry01": -3.335,
            "ry11": -3.392,
            "ry21": 0.865,
            "rz02": -1.82,
            "rz12": 2.494,
            "rz22": 3.054,
            "ry03": -1.658,
            "ry13": -2.612,
            "ry23": -0.485
        }
    },
    "epoch_58": {
        "epoch": 58,
        "angles": {
            "rz00": -2.262,
            "rz10": -0.441,
            "rz20": 1.948,
            "ry01": -3.342,
            "ry11": -3.399,
            "ry21": 0.868,
            "rz02": -1.827,
            "rz12": 2.502,
            "rz22": 3.054,
            "ry03": -1.655,
            "ry13": -2.612,
            "ry23": -0.486
        }
    },
    "epoch_59": {
        "epoch": 59,
        "angles": {
            "rz00": -2.256,
            "rz10": -0.447,
            "rz20": 1.948,
            "ry01": -3.35,
            "ry11": -3.407,
            "ry21": 0.87,
            "rz02": -1.835,
            "rz12": 2.509,
            "rz22": 3.054,
            "ry03": -1.651,
            "ry13": -2.612,
            "ry23": -0.487
        }
    },
    "epoch_60": {
        "epoch": 60,
        "angles": {
            "rz00": -2.249,
            "rz10": -0.452,
            "rz20": 1.949,
            "ry01": -3.357,
            "ry11": -3.414,
            "ry21": 0.872,
            "rz02": -1.842,
            "rz12": 2.517,
            "rz22": 3.054,
            "ry03": -1.648,
            "ry13": -2.612,
            "ry23": -0.487
        }
    },
    "epoch_61": {
        "epoch": 61,
        "angles": {
            "rz00": -2.242,
            "rz10": -0.458,
            "rz20": 1.949,
            "ry01": -3.365,
            "ry11": -3.421,
            "ry21": 0.874,
            "rz02": -1.85,
            "rz12": 2.524,
            "rz22": 3.053,
            "ry03": -1.644,
            "ry13": -2.612,
            "ry23": -0.488
        }
    },
    "epoch_62": {
        "epoch": 62,
        "angles": {
            "rz00": -2.236,
            "rz10": -0.463,
            "rz20": 1.95,
            "ry01": -3.372,
            "ry11": -3.428,
            "ry21": 0.876,
            "rz02": -1.858,
            "rz12": 2.532,
            "rz22": 3.053,
            "ry03": -1.64,
            "ry13": -2.612,
            "ry23": -0.489
        }
    },
    "epoch_63": {
        "epoch": 63,
        "angles": {
            "rz00": -2.229,
            "rz10": -0.468,
            "rz20": 1.951,
            "ry01": -3.38,
            "ry11": -3.435,
            "ry21": 0.878,
            "rz02": -1.865,
            "rz12": 2.539,
            "rz22": 3.053,
            "ry03": -1.637,
            "ry13": -2.613,
            "ry23": -0.49
        }
    },
    "epoch_64": {
        "epoch": 64,
        "angles": {
            "rz00": -2.223,
            "rz10": -0.473,
            "rz20": 1.952,
            "ry01": -3.388,
            "ry11": -3.442,
            "ry21": 0.88,
            "rz02": -1.873,
            "rz12": 2.547,
            "rz22": 3.053,
            "ry03": -1.633,
            "ry13": -2.612,
            "ry23": -0.491
        }
    },
    "epoch_65": {
        "epoch": 65,
        "angles": {
            "rz00": -2.216,
            "rz10": -0.478,
            "rz20": 1.953,
            "ry01": -3.395,
            "ry11": -3.449,
            "ry21": 0.881,
            "rz02": -1.88,
            "rz12": 2.554,
            "rz22": 3.053,
            "ry03": -1.629,
            "ry13": -2.612,
            "ry23": -0.492
        }
    },
    "epoch_66": {
        "epoch": 66,
        "angles": {
            "rz00": -2.21,
            "rz10": -0.484,
            "rz20": 1.953,
            "ry01": -3.403,
            "ry11": -3.457,
            "ry21": 0.883,
            "rz02": -1.888,
            "rz12": 2.562,
            "rz22": 3.053,
            "ry03": -1.626,
            "ry13": -2.611,
            "ry23": -0.492
        }
    },
    "epoch_67": {
        "epoch": 67,
        "angles": {
            "rz00": -2.204,
            "rz10": -0.488,
            "rz20": 1.953,
            "ry01": -3.411,
            "ry11": -3.464,
            "ry21": 0.885,
            "rz02": -1.896,
            "rz12": 2.569,
            "rz22": 3.053,
            "ry03": -1.622,
            "ry13": -2.61,
            "ry23": -0.493
        }
    },
    "epoch_68": {
        "epoch": 68,
        "angles": {
            "rz00": -2.197,
            "rz10": -0.493,
            "rz20": 1.953,
            "ry01": -3.418,
            "ry11": -3.471,
            "ry21": 0.887,
            "rz02": -1.903,
            "rz12": 2.576,
            "rz22": 3.053,
            "ry03": -1.618,
            "ry13": -2.609,
            "ry23": -0.494
        }
    },
    "epoch_69": {
        "epoch": 69,
        "angles": {
            "rz00": -2.191,
            "rz10": -0.498,
            "rz20": 1.953,
            "ry01": -3.426,
            "ry11": -3.478,
            "ry21": 0.888,
            "rz02": -1.911,
            "rz12": 2.584,
            "rz22": 3.053,
            "ry03": -1.614,
            "ry13": -2.608,
            "ry23": -0.494
        }
    },
    "epoch_70": {
        "epoch": 70,
        "angles": {
            "rz00": -2.185,
            "rz10": -0.502,
            "rz20": 1.953,
            "ry01": -3.434,
            "ry11": -3.485,
            "ry21": 0.89,
            "rz02": -1.918,
            "rz12": 2.591,
            "rz22": 3.054,
            "ry03": -1.611,
            "ry13": -2.607,
            "ry23": -0.494
        }
    },
    "epoch_71": {
        "epoch": 71,
        "angles": {
            "rz00": -2.179,
            "rz10": -0.507,
            "rz20": 1.953,
            "ry01": -3.441,
            "ry11": -3.491,
            "ry21": 0.891,
            "rz02": -1.926,
            "rz12": 2.598,
            "rz22": 3.054,
            "ry03": -1.607,
            "ry13": -2.606,
            "ry23": -0.495
        }
    },
    "epoch_72": {
        "epoch": 72,
        "angles": {
            "rz00": -2.173,
            "rz10": -0.511,
            "rz20": 1.953,
            "ry01": -3.449,
            "ry11": -3.498,
            "ry21": 0.893,
            "rz02": -1.933,
            "rz12": 2.605,
            "rz22": 3.054,
            "ry03": -1.603,
            "ry13": -2.605,
            "ry23": -0.495
        }
    },
    "epoch_73": {
        "epoch": 73,
        "angles": {
            "rz00": -2.167,
            "rz10": -0.515,
            "rz20": 1.953,
            "ry01": -3.457,
            "ry11": -3.505,
            "ry21": 0.894,
            "rz02": -1.94,
            "rz12": 2.612,
            "rz22": 3.055,
            "ry03": -1.599,
            "ry13": -2.605,
            "ry23": -0.495
        }
    },
    "epoch_74": {
        "epoch": 74,
        "angles": {
            "rz00": -2.162,
            "rz10": -0.519,
            "rz20": 1.954,
            "ry01": -3.465,
            "ry11": -3.512,
            "ry21": 0.895,
            "rz02": -1.948,
            "rz12": 2.619,
            "rz22": 3.055,
            "ry03": -1.595,
            "ry13": -2.604,
            "ry23": -0.495
        }
    },
    "epoch_75": {
        "epoch": 75,
        "angles": {
            "rz00": -2.156,
            "rz10": -0.522,
            "rz20": 1.954,
            "ry01": -3.472,
            "ry11": -3.519,
            "ry21": 0.897,
            "rz02": -1.955,
            "rz12": 2.626,
            "rz22": 3.055,
            "ry03": -1.592,
            "ry13": -2.603,
            "ry23": -0.496
        }
    },
    "epoch_76": {
        "epoch": 76,
        "angles": {
            "rz00": -2.151,
            "rz10": -0.526,
            "rz20": 1.954,
            "ry01": -3.48,
            "ry11": -3.525,
            "ry21": 0.898,
            "rz02": -1.963,
            "rz12": 2.633,
            "rz22": 3.054,
            "ry03": -1.588,
            "ry13": -2.602,
            "ry23": -0.496
        }
    },
    "epoch_77": {
        "epoch": 77,
        "angles": {
            "rz00": -2.145,
            "rz10": -0.529,
            "rz20": 1.953,
            "ry01": -3.488,
            "ry11": -3.532,
            "ry21": 0.899,
            "rz02": -1.97,
            "rz12": 2.64,
            "rz22": 3.054,
            "ry03": -1.584,
            "ry13": -2.601,
            "ry23": -0.496
        }
    },
    "epoch_78": {
        "epoch": 78,
        "angles": {
            "rz00": -2.14,
            "rz10": -0.532,
            "rz20": 1.953,
            "ry01": -3.495,
            "ry11": -3.539,
            "ry21": 0.9,
            "rz02": -1.977,
            "rz12": 2.646,
            "rz22": 3.054,
            "ry03": -1.58,
            "ry13": -2.6,
            "ry23": -0.497
        }
    },
    "epoch_79": {
        "epoch": 79,
        "angles": {
            "rz00": -2.135,
            "rz10": -0.535,
            "rz20": 1.953,
            "ry01": -3.503,
            "ry11": -3.545,
            "ry21": 0.901,
            "rz02": -1.984,
            "rz12": 2.653,
            "rz22": 3.054,
            "ry03": -1.576,
            "ry13": -2.599,
            "ry23": -0.497
        }
    },
    "epoch_80": {
        "epoch": 80,
        "angles": {
            "rz00": -2.13,
            "rz10": -0.537,
            "rz20": 1.953,
            "ry01": -3.51,
            "ry11": -3.552,
            "ry21": 0.902,
            "rz02": -1.991,
            "rz12": 2.659,
            "rz22": 3.054,
            "ry03": -1.572,
            "ry13": -2.598,
            "ry23": -0.497
        }
    },
    "epoch_81": {
        "epoch": 81,
        "angles": {
            "rz00": -2.125,
            "rz10": -0.539,
            "rz20": 1.954,
            "ry01": -3.518,
            "ry11": -3.558,
            "ry21": 0.903,
            "rz02": -1.998,
            "rz12": 2.666,
            "rz22": 3.054,
            "ry03": -1.568,
            "ry13": -2.597,
            "ry23": -0.498
        }
    },
    "epoch_82": {
        "epoch": 82,
        "angles": {
            "rz00": -2.121,
            "rz10": -0.541,
            "rz20": 1.954,
            "ry01": -3.525,
            "ry11": -3.564,
            "ry21": 0.903,
            "rz02": -2.005,
            "rz12": 2.672,
            "rz22": 3.054,
            "ry03": -1.564,
            "ry13": -2.596,
            "ry23": -0.498
        }
    },
    "epoch_83": {
        "epoch": 83,
        "angles": {
            "rz00": -2.116,
            "rz10": -0.542,
            "rz20": 1.954,
            "ry01": -3.533,
            "ry11": -3.571,
            "ry21": 0.904,
            "rz02": -2.012,
            "rz12": 2.678,
            "rz22": 3.054,
            "ry03": -1.56,
            "ry13": -2.595,
            "ry23": -0.498
        }
    },
    "epoch_84": {
        "epoch": 84,
        "angles": {
            "rz00": -2.112,
            "rz10": -0.543,
            "rz20": 1.954,
            "ry01": -3.54,
            "ry11": -3.577,
            "ry21": 0.904,
            "rz02": -2.019,
            "rz12": 2.684,
            "rz22": 3.054,
            "ry03": -1.556,
            "ry13": -2.594,
            "ry23": -0.499
        }
    },
    "epoch_85": {
        "epoch": 85,
        "angles": {
            "rz00": -2.108,
            "rz10": -0.544,
            "rz20": 1.954,
            "ry01": -3.548,
            "ry11": -3.583,
            "ry21": 0.905,
            "rz02": -2.026,
            "rz12": 2.69,
            "rz22": 3.054,
            "ry03": -1.552,
            "ry13": -2.594,
            "ry23": -0.499
        }
    },
    "epoch_86": {
        "epoch": 86,
        "angles": {
            "rz00": -2.104,
            "rz10": -0.545,
            "rz20": 1.953,
            "ry01": -3.555,
            "ry11": -3.589,
            "ry21": 0.905,
            "rz02": -2.033,
            "rz12": 2.696,
            "rz22": 3.054,
            "ry03": -1.547,
            "ry13": -2.594,
            "ry23": -0.499
        }
    },
    "epoch_87": {
        "epoch": 87,
        "angles": {
            "rz00": -2.1,
            "rz10": -0.545,
            "rz20": 1.954,
            "ry01": -3.562,
            "ry11": -3.595,
            "ry21": 0.906,
            "rz02": -2.039,
            "rz12": 2.701,
            "rz22": 3.055,
            "ry03": -1.543,
            "ry13": -2.594,
            "ry23": -0.5
        }
    },
    "epoch_88": {
        "epoch": 88,
        "angles": {
            "rz00": -2.096,
            "rz10": -0.545,
            "rz20": 1.953,
            "ry01": -3.569,
            "ry11": -3.601,
            "ry21": 0.906,
            "rz02": -2.046,
            "rz12": 2.707,
            "rz22": 3.055,
            "ry03": -1.539,
            "ry13": -2.594,
            "ry23": -0.5
        }
    },
    "epoch_89": {
        "epoch": 89,
        "angles": {
            "rz00": -2.093,
            "rz10": -0.544,
            "rz20": 1.953,
            "ry01": -3.576,
            "ry11": -3.607,
            "ry21": 0.906,
            "rz02": -2.052,
            "rz12": 2.712,
            "rz22": 3.055,
            "ry03": -1.535,
            "ry13": -2.594,
            "ry23": -0.5
        }
    },
    "epoch_90": {
        "epoch": 90,
        "angles": {
            "rz00": -2.089,
            "rz10": -0.543,
            "rz20": 1.953,
            "ry01": -3.584,
            "ry11": -3.613,
            "ry21": 0.906,
            "rz02": -2.059,
            "rz12": 2.717,
            "rz22": 3.055,
            "ry03": -1.531,
            "ry13": -2.594,
            "ry23": -0.5
        }
    },
    "epoch_91": {
        "epoch": 91,
        "angles": {
            "rz00": -2.086,
            "rz10": -0.542,
            "rz20": 1.953,
            "ry01": -3.591,
            "ry11": -3.618,
            "ry21": 0.905,
            "rz02": -2.065,
            "rz12": 2.722,
            "rz22": 3.055,
            "ry03": -1.526,
            "ry13": -2.594,
            "ry23": -0.499
        }
    },
    "epoch_92": {
        "epoch": 92,
        "angles": {
            "rz00": -2.083,
            "rz10": -0.54,
            "rz20": 1.953,
            "ry01": -3.598,
            "ry11": -3.624,
            "ry21": 0.905,
            "rz02": -2.071,
            "rz12": 2.727,
            "rz22": 3.056,
            "ry03": -1.522,
            "ry13": -2.594,
            "ry23": -0.499
        }
    },
    "epoch_93": {
        "epoch": 93,
        "angles": {
            "rz00": -2.08,
            "rz10": -0.538,
            "rz20": 1.953,
            "ry01": -3.604,
            "ry11": -3.629,
            "ry21": 0.905,
            "rz02": -2.078,
            "rz12": 2.732,
            "rz22": 3.056,
            "ry03": -1.517,
            "ry13": -2.595,
            "ry23": -0.498
        }
    },
    "epoch_94": {
        "epoch": 94,
        "angles": {
            "rz00": -2.077,
            "rz10": -0.536,
            "rz20": 1.953,
            "ry01": -3.611,
            "ry11": -3.635,
            "ry21": 0.904,
            "rz02": -2.084,
            "rz12": 2.737,
            "rz22": 3.056,
            "ry03": -1.513,
            "ry13": -2.596,
            "ry23": -0.498
        }
    },
    "epoch_95": {
        "epoch": 95,
        "angles": {
            "rz00": -2.075,
            "rz10": -0.534,
            "rz20": 1.953,
            "ry01": -3.618,
            "ry11": -3.64,
            "ry21": 0.903,
            "rz02": -2.09,
            "rz12": 2.741,
            "rz22": 3.056,
            "ry03": -1.509,
            "ry13": -2.597,
            "ry23": -0.497
        }
    },
    "epoch_96": {
        "epoch": 96,
        "angles": {
            "rz00": -2.072,
            "rz10": -0.531,
            "rz20": 1.953,
            "ry01": -3.625,
            "ry11": -3.645,
            "ry21": 0.902,
            "rz02": -2.096,
            "rz12": 2.745,
            "rz22": 3.055,
            "ry03": -1.504,
            "ry13": -2.597,
            "ry23": -0.496
        }
    },
    "epoch_97": {
        "epoch": 97,
        "angles": {
            "rz00": -2.07,
            "rz10": -0.527,
            "rz20": 1.953,
            "ry01": -3.631,
            "ry11": -3.65,
            "ry21": 0.901,
            "rz02": -2.101,
            "rz12": 2.749,
            "rz22": 3.055,
            "ry03": -1.5,
            "ry13": -2.598,
            "ry23": -0.496
        }
    },
    "epoch_98": {
        "epoch": 98,
        "angles": {
            "rz00": -2.068,
            "rz10": -0.524,
            "rz20": 1.953,
            "ry01": -3.638,
            "ry11": -3.655,
            "ry21": 0.9,
            "rz02": -2.107,
            "rz12": 2.753,
            "rz22": 3.054,
            "ry03": -1.495,
            "ry13": -2.598,
            "ry23": -0.495
        }
    },
    "epoch_99": {
        "epoch": 99,
        "angles": {
            "rz00": -2.066,
            "rz10": -0.52,
            "rz20": 1.953,
            "ry01": -3.645,
            "ry11": -3.66,
            "ry21": 0.899,
            "rz02": -2.113,
            "rz12": 2.757,
            "rz22": 3.053,
            "ry03": -1.49,
            "ry13": -2.598,
            "ry23": -0.494
        }
    },
    "epoch_100": {
        "epoch": 100,
        "angles": {
            "rz00": -2.064,
            "rz10": -0.516,
            "rz20": 1.953,
            "ry01": -3.651,
            "ry11": -3.665,
            "ry21": 0.897,
            "rz02": -2.118,
            "rz12": 2.761,
            "rz22": 3.053,
            "ry03": -1.486,
            "ry13": -2.598,
            "ry23": -0.493
        }
    }
}