{"epoch_1": {"epoch": 1, "angles": {"rz00": 1.627, "rz10": 1.441, "rz20": -1.944, "rz30": 2.339, "ry01": -1.847, "ry11": -1.062, "ry21": 0.898, "ry31": -0.133, "rz02": 1.672, "rz12": -1.009, "rz22": 0.294, "rz32": -2.1, "ry03": -2.113, "ry13": 2.681, "ry23": -1.631, "ry33": 0.568}}, "epoch_2": {"epoch": 2, "angles": {"rz00": 1.657, "rz10": 1.471, "rz20": -1.974, "rz30": 2.309, "ry01": -1.877, "ry11": -1.092, "ry21": 0.928, "ry31": -0.163, "rz02": 1.642, "rz12": -1.039, "rz22": 0.304, "rz32": -2.107, "ry03": -2.083, "ry13": 2.668, "ry23": -1.644, "ry33": 0.576}}, "epoch_3": {"epoch": 3, "angles": {"rz00": 1.686, "rz10": 1.501, "rz20": -2.004, "rz30": 2.28, "ry01": -1.906, "ry11": -1.122, "ry21": 0.957, "ry31": -0.193, "rz02": 1.612, "rz12": -1.069, "rz22": 0.309, "rz32": -2.122, "ry03": -2.053, "ry13": 2.651, "ry23": -1.643, "ry33": 0.572}}, "epoch_4": {"epoch": 4, "angles": {"rz00": 1.714, "rz10": 1.531, "rz20": -2.034, "rz30": 2.253, "ry01": -1.933, "ry11": -1.151, "ry21": 0.987, "ry31": -0.223, "rz02": 1.582, "rz12": -1.099, "rz22": 0.308, "rz32": -2.135, "ry03": -2.024, "ry13": 2.639, "ry23": -1.635, "ry33": 0.569}}, "epoch_5": {"epoch": 5, "angles": {"rz00": 1.743, "rz10": 1.561, "rz20": -2.063, "rz30": 2.233, "ry01": -1.956, "ry11": -1.18, "ry21": 1.016, "ry31": -0.253, "rz02": 1.553, "rz12": -1.128, "rz22": 0.302, "rz32": -2.145, "ry03": -1.997, "ry13": 2.627, "ry23": -1.628, "ry33": 0.563}}, "epoch_6": {"epoch": 6, "angles": {"rz00": 1.771, "rz10": 1.591, "rz20": -2.092, "rz30": 2.228, "ry01": -1.974, "ry11": -1.208, "ry21": 1.044, "ry31": -0.283, "rz02": 1.524, "rz12": -1.157, "rz22": 0.298, "rz32": -2.151, "ry03": -1.97, "ry13": 2.619, "ry23": -1.623, "ry33": 0.561}}, "epoch_7": {"epoch": 7, "angles": {"rz00": 1.8, "rz10": 1.622, "rz20": -2.121, "rz30": 2.235, "ry01": -1.987, "ry11": -1.235, "ry21": 1.071, "ry31": -0.314, "rz02": 1.496, "rz12": -1.186, "rz22": 0.296, "rz32": -2.158, "ry03": -1.946, "ry13": 2.613, "ry23": -1.616, "ry33": 0.558}}, "epoch_8": {"epoch": 8, "angles": {"rz00": 1.83, "rz10": 1.652, "rz20": -2.149, "rz30": 2.25, "ry01": -1.996, "ry11": -1.26, "ry21": 1.097, "ry31": -0.344, "rz02": 1.469, "rz12": -1.214, "rz22": 0.29, "rz32": -2.166, "ry03": -1.924, "ry13": 2.608, "ry23": -1.609, "ry33": 0.555}}, "epoch_9": {"epoch": 9, "angles": {"rz00": 1.86, "rz10": 1.683, "rz20": -2.176, "rz30": 2.27, "ry01": -2.001, "ry11": -1.285, "ry21": 1.122, "ry31": -0.374, "rz02": 1.442, "rz12": -1.242, "rz22": 0.286, "rz32": -2.171, "ry03": -1.905, "ry13": 2.602, "ry23": -1.604, "ry33": 0.55}}, "epoch_10": {"epoch": 10, "angles": {"rz00": 1.89, "rz10": 1.714, "rz20": -2.202, "rz30": 2.293, "ry01": -2.006, "ry11": -1.308, "ry21": 1.146, "ry31": -0.404, "rz02": 1.416, "rz12": -1.268, "rz22": 0.283, "rz32": -2.173, "ry03": -1.889, "ry13": 2.602, "ry23": -1.599, "ry33": 0.544}}, "epoch_11": {"epoch": 11, "angles": {"rz00": 1.921, "rz10": 1.745, "rz20": -2.228, "rz30": 2.318, "ry01": -2.013, "ry11": -1.33, "ry21": 1.169, "ry31": -0.433, "rz02": 1.391, "rz12": -1.294, "rz22": 0.281, "rz32": -2.177, "ry03": -1.876, "ry13": 2.599, "ry23": -1.595, "ry33": 0.542}}, "epoch_12": {"epoch": 12, "angles": {"rz00": 1.952, "rz10": 1.777, "rz20": -2.253, "rz30": 2.345, "ry01": -2.022, "ry11": -1.35, "ry21": 1.19, "ry31": -0.463, "rz02": 1.367, "rz12": -1.318, "rz22": 0.277, "rz32": -2.181, "ry03": -1.867, "ry13": 2.593, "ry23": -1.591, "ry33": 0.538}}, "epoch_13": {"epoch": 13, "angles": {"rz00": 1.983, "rz10": 1.808, "rz20": -2.278, "rz30": 2.373, "ry01": -2.036, "ry11": -1.37, "ry21": 1.21, "ry31": -0.492, "rz02": 1.345, "rz12": -1.34, "rz22": 0.275, "rz32": -2.184, "ry03": -1.862, "ry13": 2.59, "ry23": -1.589, "ry33": 0.535}}, "epoch_14": {"epoch": 14, "angles": {"rz00": 2.015, "rz10": 1.84, "rz20": -2.301, "rz30": 2.402, "ry01": -2.054, "ry11": -1.388, "ry21": 1.229, "ry31": -0.521, "rz02": 1.323, "rz12": -1.36, "rz22": 0.273, "rz32": -2.187, "ry03": -1.86, "ry13": 2.586, "ry23": -1.586, "ry33": 0.533}}, "epoch_15": {"epoch": 15, "angles": {"rz00": 2.047, "rz10": 1.872, "rz20": -2.324, "rz30": 2.432, "ry01": -2.076, "ry11": -1.405, "ry21": 1.246, "ry31": -0.549, "rz02": 1.303, "rz12": -1.378, "rz22": 0.273, "rz32": -2.19, "ry03": -1.862, "ry13": 2.584, "ry23": -1.582, "ry33": 0.531}}, "epoch_16": {"epoch": 16, "angles": {"rz00": 2.079, "rz10": 1.904, "rz20": -2.346, "rz30": 2.462, "ry01": -2.1, "ry11": -1.421, "ry21": 1.261, "ry31": -0.578, "rz02": 1.284, "rz12": -1.394, "rz22": 0.276, "rz32": -2.192, "ry03": -1.867, "ry13": 2.582, "ry23": -1.574, "ry33": 0.528}}, "epoch_17": {"epoch": 17, "angles": {"rz00": 2.112, "rz10": 1.937, "rz20": -2.368, "rz30": 2.494, "ry01": -2.127, "ry11": -1.436, "ry21": 1.276, "ry31": -0.606, "rz02": 1.266, "rz12": -1.406, "rz22": 0.278, "rz32": -2.196, "ry03": -1.876, "ry13": 2.578, "ry23": -1.567, "ry33": 0.527}}, "epoch_18": {"epoch": 18, "angles": {"rz00": 2.144, "rz10": 1.969, "rz20": -2.39, "rz30": 2.526, "ry01": -2.155, "ry11": -1.451, "ry21": 1.288, "ry31": -0.633, "rz02": 1.249, "rz12": -1.416, "rz22": 0.28, "rz32": -2.2, "ry03": -1.887, "ry13": 2.574, "ry23": -1.561, "ry33": 0.526}}, "epoch_19": {"epoch": 19, "angles": {"rz00": 2.177, "rz10": 2.002, "rz20": -2.411, "rz30": 2.559, "ry01": -2.184, "ry11": -1.464, "ry21": 1.299, "ry31": -0.661, "rz02": 1.232, "rz12": -1.422, "rz22": 0.283, "rz32": -2.203, "ry03": -1.901, "ry13": 2.569, "ry23": -1.555, "ry33": 0.527}}, "epoch_20": {"epoch": 20, "angles": {"rz00": 2.21, "rz10": 2.035, "rz20": -2.431, "rz30": 2.592, "ry01": -2.215, "ry11": -1.477, "ry21": 1.309, "ry31": -0.689, "rz02": 1.217, "rz12": -1.425, "rz22": 0.285, "rz32": -2.205, "ry03": -1.917, "ry13": 2.566, "ry23": -1.547, "ry33": 0.527}}, "epoch_21": {"epoch": 21, "angles": {"rz00": 2.243, "rz10": 2.068, "rz20": -2.452, "rz30": 2.625, "ry01": -2.247, "ry11": -1.489, "ry21": 1.316, "ry31": -0.716, "rz02": 1.202, "rz12": -1.425, "rz22": 0.286, "rz32": -2.207, "ry03": -1.935, "ry13": 2.562, "ry23": -1.541, "ry33": 0.528}}, "epoch_22": {"epoch": 22, "angles": {"rz00": 2.275, "rz10": 2.101, "rz20": -2.472, "rz30": 2.659, "ry01": -2.279, "ry11": -1.501, "ry21": 1.322, "ry31": -0.743, "rz02": 1.188, "rz12": -1.422, "rz22": 0.287, "rz32": -2.209, "ry03": -1.955, "ry13": 2.556, "ry23": -1.535, "ry33": 0.529}}, "epoch_23": {"epoch": 23, "angles": {"rz00": 2.308, "rz10": 2.134, "rz20": -2.493, "rz30": 2.694, "ry01": -2.312, "ry11": -1.512, "ry21": 1.325, "ry31": -0.771, "rz02": 1.175, "rz12": -1.416, "rz22": 0.29, "rz32": -2.212, "ry03": -1.977, "ry13": 2.551, "ry23": -1.528, "ry33": 0.53}}, "epoch_24": {"epoch": 24, "angles": {"rz00": 2.34, "rz10": 2.167, "rz20": -2.513, "rz30": 2.729, "ry01": -2.344, "ry11": -1.522, "ry21": 1.327, "ry31": -0.799, "rz02": 1.161, "rz12": -1.408, "rz22": 0.293, "rz32": -2.215, "ry03": -2.0, "ry13": 2.548, "ry23": -1.52, "ry33": 0.534}}, "epoch_25": {"epoch": 25, "angles": {"rz00": 2.372, "rz10": 2.2, "rz20": -2.533, "rz30": 2.764, "ry01": -2.376, "ry11": -1.533, "ry21": 1.326, "ry31": -0.826, "rz02": 1.148, "rz12": -1.397, "rz22": 0.297, "rz32": -2.218, "ry03": -2.024, "ry13": 2.546, "ry23": -1.513, "ry33": 0.538}}, "epoch_26": {"epoch": 26, "angles": {"rz00": 2.404, "rz10": 2.233, "rz20": -2.554, "rz30": 2.8, "ry01": -2.407, "ry11": -1.543, "ry21": 1.322, "ry31": -0.855, "rz02": 1.135, "rz12": -1.384, "rz22": 0.301, "rz32": -2.22, "ry03": -2.049, "ry13": 2.543, "ry23": -1.507, "ry33": 0.542}}, "epoch_27": {"epoch": 27, "angles": {"rz00": 2.435, "rz10": 2.266, "rz20": -2.574, "rz30": 2.836, "ry01": -2.435, "ry11": -1.552, "ry21": 1.316, "ry31": -0.883, "rz02": 1.122, "rz12": -1.37, "rz22": 0.303, "rz32": -2.222, "ry03": -2.076, "ry13": 2.54, "ry23": -1.503, "ry33": 0.545}}, "epoch_28": {"epoch": 28, "angles": {"rz00": 2.465, "rz10": 2.298, "rz20": -2.594, "rz30": 2.872, "ry01": -2.459, "ry11": -1.562, "ry21": 1.307, "ry31": -0.912, "rz02": 1.109, "rz12": -1.354, "rz22": 0.304, "rz32": -2.224, "ry03": -2.103, "ry13": 2.537, "ry23": -1.502, "ry33": 0.549}}, "epoch_29": {"epoch": 29, "angles": {"rz00": 2.495, "rz10": 2.331, "rz20": -2.615, "rz30": 2.908, "ry01": -2.479, "ry11": -1.571, "ry21": 1.296, "ry31": -0.942, "rz02": 1.096, "rz12": -1.336, "rz22": 0.306, "rz32": -2.225, "ry03": -2.13, "ry13": 2.535, "ry23": -1.501, "ry33": 0.553}}, "epoch_30": {"epoch": 30, "angles": {"rz00": 2.524, "rz10": 2.363, "rz20": -2.635, "rz30": 2.945, "ry01": -2.492, "ry11": -1.581, "ry21": 1.282, "ry31": -0.973, "rz02": 1.083, "rz12": -1.317, "rz22": 0.308, "rz32": -2.226, "ry03": -2.158, "ry13": 2.535, "ry23": -1.504, "ry33": 0.555}}, "epoch_31": {"epoch": 31, "angles": {"rz00": 2.552, "rz10": 2.395, "rz20": -2.656, "rz30": 2.982, "ry01": -2.498, "ry11": -1.591, "ry21": 1.265, "ry31": -1.005, "rz02": 1.07, "rz12": -1.298, "rz22": 0.31, "rz32": -2.224, "ry03": -2.187, "ry13": 2.537, "ry23": -1.506, "ry33": 0.556}}, "epoch_32": {"epoch": 32, "angles": {"rz00": 2.579, "rz10": 2.427, "rz20": -2.676, "rz30": 3.018, "ry01": -2.497, "ry11": -1.602, "ry21": 1.246, "ry31": -1.037, "rz02": 1.057, "rz12": -1.277, "rz22": 0.312, "rz32": -2.223, "ry03": -2.216, "ry13": 2.538, "ry23": -1.507, "ry33": 0.554}}, "epoch_33": {"epoch": 33, "angles": {"rz00": 2.605, "rz10": 2.458, "rz20": -2.697, "rz30": 3.054, "ry01": -2.489, "ry11": -1.613, "ry21": 1.224, "ry31": -1.07, "rz02": 1.043, "rz12": -1.255, "rz22": 0.313, "rz32": -2.222, "ry03": -2.245, "ry13": 2.539, "ry23": -1.508, "ry33": 0.553}}, "epoch_34": {"epoch": 34, "angles": {"rz00": 2.63, "rz10": 2.49, "rz20": -2.717, "rz30": 3.089, "ry01": -2.476, "ry11": -1.624, "ry21": 1.199, "ry31": -1.104, "rz02": 1.03, "rz12": -1.233, "rz22": 0.313, "rz32": -2.221, "ry03": -2.275, "ry13": 2.539, "ry23": -1.51, "ry33": 0.553}}, "epoch_35": {"epoch": 35, "angles": {"rz00": 2.653, "rz10": 2.522, "rz20": -2.737, "rz30": 3.123, "ry01": -2.459, "ry11": -1.637, "ry21": 1.173, "ry31": -1.138, "rz02": 1.016, "rz12": -1.21, "rz22": 0.313, "rz32": -2.22, "ry03": -2.306, "ry13": 2.539, "ry23": -1.512, "ry33": 0.554}}, "epoch_36": {"epoch": 36, "angles": {"rz00": 2.675, "rz10": 2.553, "rz20": -2.757, "rz30": 3.154, "ry01": -2.437, "ry11": -1.649, "ry21": 1.145, "ry31": -1.172, "rz02": 1.002, "rz12": -1.186, "rz22": 0.313, "rz32": -2.219, "ry03": -2.337, "ry13": 2.538, "ry23": -1.51, "ry33": 0.555}}, "epoch_37": {"epoch": 37, "angles": {"rz00": 2.696, "rz10": 2.585, "rz20": -2.777, "rz30": 3.182, "ry01": -2.412, "ry11": -1.663, "ry21": 1.115, "ry31": -1.207, "rz02": 0.989, "rz12": -1.162, "rz22": 0.313, "rz32": -2.218, "ry03": -2.368, "ry13": 2.537, "ry23": -1.507, "ry33": 0.554}}, "epoch_38": {"epoch": 38, "angles": {"rz00": 2.716, "rz10": 2.617, "rz20": -2.796, "rz30": 3.205, "ry01": -2.384, "ry11": -1.676, "ry21": 1.083, "ry31": -1.24, "rz02": 0.975, "rz12": -1.138, "rz22": 0.313, "rz32": -2.219, "ry03": -2.399, "ry13": 2.538, "ry23": -1.505, "ry33": 0.554}}, "epoch_39": {"epoch": 39, "angles": {"rz00": 2.734, "rz10": 2.649, "rz20": -2.815, "rz30": 3.223, "ry01": -2.355, "ry11": -1.689, "ry21": 1.05, "ry31": -1.273, "rz02": 0.962, "rz12": -1.114, "rz22": 0.313, "rz32": -2.219, "ry03": -2.431, "ry13": 2.536, "ry23": -1.501, "ry33": 0.552}}, "epoch_40": {"epoch": 40, "angles": {"rz00": 2.751, "rz10": 2.681, "rz20": -2.834, "rz30": 3.233, "ry01": -2.323, "ry11": -1.702, "ry21": 1.016, "ry31": -1.303, "rz02": 0.948, "rz12": -1.089, "rz22": 0.313, "rz32": -2.22, "ry03": -2.463, "ry13": 2.536, "ry23": -1.499, "ry33": 0.551}}, "epoch_41": {"epoch": 41, "angles": {"rz00": 2.766, "rz10": 2.713, "rz20": -2.852, "rz30": 3.236, "ry01": -2.29, "ry11": -1.714, "ry21": 0.981, "ry31": -1.329, "rz02": 0.935, "rz12": -1.065, "rz22": 0.312, "rz32": -2.22, "ry03": -2.496, "ry13": 2.536, "ry23": -1.498, "ry33": 0.548}}, "epoch_42": {"epoch": 42, "angles": {"rz00": 2.78, "rz10": 2.746, "rz20": -2.87, "rz30": 3.233, "ry01": -2.256, "ry11": -1.725, "ry21": 0.945, "ry31": -1.351, "rz02": 0.921, "rz12": -1.04, "rz22": 0.313, "rz32": -2.22, "ry03": -2.528, "ry13": 2.535, "ry23": -1.499, "ry33": 0.546}}, "epoch_43": {"epoch": 43, "angles": {"rz00": 2.793, "rz10": 2.778, "rz20": -2.887, "rz30": 3.224, "ry01": -2.221, "ry11": -1.735, "ry21": 0.908, "ry31": -1.366, "rz02": 0.908, "rz12": -1.016, "rz22": 0.313, "rz32": -2.218, "ry03": -2.56, "ry13": 2.535, "ry23": -1.498, "ry33": 0.543}}, "epoch_44": {"epoch": 44, "angles": {"rz00": 2.805, "rz10": 2.81, "rz20": -2.904, "rz30": 3.211, "ry01": -2.186, "ry11": -1.744, "ry21": 0.87, "ry31": -1.374, "rz02": 0.895, "rz12": -0.991, "rz22": 0.315, "rz32": -2.218, "ry03": -2.592, "ry13": 2.535, "ry23": -1.499, "ry33": 0.54}}, "epoch_45": {"epoch": 45, "angles": {"rz00": 2.815, "rz10": 2.843, "rz20": -2.92, "rz30": 3.194, "ry01": -2.15, "ry11": -1.75, "ry21": 0.833, "ry31": -1.374, "rz02": 0.882, "rz12": -0.967, "rz22": 0.318, "rz32": -2.217, "ry03": -2.623, "ry13": 2.537, "ry23": -1.501, "ry33": 0.538}}, "epoch_46": {"epoch": 46, "angles": {"rz00": 2.824, "rz10": 2.875, "rz20": -2.936, "rz30": 3.175, "ry01": -2.113, "ry11": -1.755, "ry21": 0.795, "ry31": -1.369, "rz02": 0.869, "rz12": -0.943, "rz22": 0.322, "rz32": -2.218, "ry03": -2.654, "ry13": 2.539, "ry23": -1.502, "ry33": 0.536}}, "epoch_47": {"epoch": 47, "angles": {"rz00": 2.832, "rz10": 2.906, "rz20": -2.95, "rz30": 3.156, "ry01": -2.076, "ry11": -1.759, "ry21": 0.757, "ry31": -1.358, "rz02": 0.856, "rz12": -0.919, "rz22": 0.325, "rz32": -2.218, "ry03": -2.683, "ry13": 2.541, "ry23": -1.502, "ry33": 0.532}}, "epoch_48": {"epoch": 48, "angles": {"rz00": 2.838, "rz10": 2.937, "rz20": -2.964, "rz30": 3.137, "ry01": -2.04, "ry11": -1.763, "ry21": 0.719, "ry31": -1.344, "rz02": 0.843, "rz12": -0.895, "rz22": 0.328, "rz32": -2.218, "ry03": -2.711, "ry13": 2.541, "ry23": -1.503, "ry33": 0.529}}, "epoch_49": {"epoch": 49, "angles": {"rz00": 2.844, "rz10": 2.967, "rz20": -2.978, "rz30": 3.12, "ry01": -2.003, "ry11": -1.766, "ry21": 0.681, "ry31": -1.327, "rz02": 0.83, "rz12": -0.871, "rz22": 0.33, "rz32": -2.218, "ry03": -2.737, "ry13": 2.541, "ry23": -1.506, "ry33": 0.526}}, "epoch_50": {"epoch": 50, "angles": {"rz00": 2.849, "rz10": 2.996, "rz20": -2.991, "rz30": 3.107, "ry01": -1.967, "ry11": -1.77, "ry21": 0.643, "ry31": -1.309, "rz02": 0.817, "rz12": -0.847, "rz22": 0.332, "rz32": -2.219, "ry03": -2.76, "ry13": 2.54, "ry23": -1.507, "ry33": 0.522}}, "epoch_51": {"epoch": 51, "angles": {"rz00": 2.853, "rz10": 3.024, "rz20": -3.003, "rz30": 3.098, "ry01": -1.931, "ry11": -1.775, "ry21": 0.606, "ry31": -1.292, "rz02": 0.804, "rz12": -0.824, "rz22": 0.334, "rz32": -2.221, "ry03": -2.781, "ry13": 2.539, "ry23": -1.507, "ry33": 0.519}}, "epoch_52": {"epoch": 52, "angles": {"rz00": 2.857, "rz10": 3.051, "rz20": -3.015, "rz30": 3.094, "ry01": -1.895, "ry11": -1.781, "ry21": 0.569, "ry31": -1.277, "rz02": 0.791, "rz12": -0.801, "rz22": 0.336, "rz32": -2.223, "ry03": -2.799, "ry13": 2.537, "ry23": -1.505, "ry33": 0.517}}, "epoch_53": {"epoch": 53, "angles": {"rz00": 2.86, "rz10": 3.075, "rz20": -3.026, "rz30": 3.095, "ry01": -1.861, "ry11": -1.79, "ry21": 0.533, "ry31": -1.264, "rz02": 0.779, "rz12": -0.779, "rz22": 0.338, "rz32": -2.224, "ry03": -2.814, "ry13": 2.535, "ry23": -1.502, "ry33": 0.514}}, "epoch_54": {"epoch": 54, "angles": {"rz00": 2.863, "rz10": 3.098, "rz20": -3.036, "rz30": 3.1, "ry01": -1.827, "ry11": -1.801, "ry21": 0.498, "ry31": -1.256, "rz02": 0.766, "rz12": -0.757, "rz22": 0.34, "rz32": -2.224, "ry03": -2.825, "ry13": 2.532, "ry23": -1.5, "ry33": 0.512}}, "epoch_55": {"epoch": 55, "angles": {"rz00": 2.865, "rz10": 3.119, "rz20": -3.046, "rz30": 3.109, "ry01": -1.795, "ry11": -1.813, "ry21": 0.464, "ry31": -1.252, "rz02": 0.753, "rz12": -0.735, "rz22": 0.342, "rz32": -2.222, "ry03": -2.834, "ry13": 2.528, "ry23": -1.5, "ry33": 0.509}}, "epoch_56": {"epoch": 56, "angles": {"rz00": 2.867, "rz10": 3.139, "rz20": -3.055, "rz30": 3.12, "ry01": -1.764, "ry11": -1.827, "ry21": 0.431, "ry31": -1.25, "rz02": 0.741, "rz12": -0.714, "rz22": 0.344, "rz32": -2.219, "ry03": -2.84, "ry13": 2.526, "ry23": -1.499, "ry33": 0.507}}, "epoch_57": {"epoch": 57, "angles": {"rz00": 2.868, "rz10": 3.156, "rz20": -3.064, "rz30": 3.132, "ry01": -1.735, "ry11": -1.841, "ry21": 0.398, "ry31": -1.252, "rz02": 0.729, "rz12": -0.694, "rz22": 0.346, "rz32": -2.217, "ry03": -2.844, "ry13": 2.525, "ry23": -1.499, "ry33": 0.505}}, "epoch_58": {"epoch": 58, "angles": {"rz00": 2.87, "rz10": 3.171, "rz20": -3.072, "rz30": 3.144, "ry01": -1.708, "ry11": -1.855, "ry21": 0.367, "ry31": -1.254, "rz02": 0.717, "rz12": -0.674, "rz22": 0.345, "rz32": -2.214, "ry03": -2.846, "ry13": 2.524, "ry23": -1.5, "ry33": 0.502}}, "epoch_59": {"epoch": 59, "angles": {"rz00": 2.871, "rz10": 3.185, "rz20": -3.079, "rz30": 3.154, "ry01": -1.682, "ry11": -1.868, "ry21": 0.337, "ry31": -1.257, "rz02": 0.705, "rz12": -0.655, "rz22": 0.345, "rz32": -2.214, "ry03": -2.847, "ry13": 2.524, "ry23": -1.503, "ry33": 0.499}}, "epoch_60": {"epoch": 60, "angles": {"rz00": 2.872, "rz10": 3.196, "rz20": -3.086, "rz30": 3.162, "ry01": -1.659, "ry11": -1.878, "ry21": 0.308, "ry31": -1.259, "rz02": 0.694, "rz12": -0.636, "rz22": 0.344, "rz32": -2.214, "ry03": -2.847, "ry13": 2.521, "ry23": -1.506, "ry33": 0.496}}, "epoch_61": {"epoch": 61, "angles": {"rz00": 2.874, "rz10": 3.206, "rz20": -3.093, "rz30": 3.168, "ry01": -1.637, "ry11": -1.887, "ry21": 0.281, "ry31": -1.26, "rz02": 0.683, "rz12": -0.619, "rz22": 0.344, "rz32": -2.215, "ry03": -2.847, "ry13": 2.52, "ry23": -1.507, "ry33": 0.495}}, "epoch_62": {"epoch": 62, "angles": {"rz00": 2.875, "rz10": 3.214, "rz20": -3.099, "rz30": 3.17, "ry01": -1.618, "ry11": -1.892, "ry21": 0.255, "ry31": -1.26, "rz02": 0.672, "rz12": -0.602, "rz22": 0.343, "rz32": -2.215, "ry03": -2.848, "ry13": 2.52, "ry23": -1.511, "ry33": 0.494}}, "epoch_63": {"epoch": 63, "angles": {"rz00": 2.877, "rz10": 3.22, "rz20": -3.104, "rz30": 3.169, "ry01": -1.6, "ry11": -1.894, "ry21": 0.23, "ry31": -1.259, "rz02": 0.662, "rz12": -0.587, "rz22": 0.341, "rz32": -2.215, "ry03": -2.848, "ry13": 2.521, "ry23": -1.514, "ry33": 0.493}}, "epoch_64": {"epoch": 64, "angles": {"rz00": 2.878, "rz10": 3.225, "rz20": -3.109, "rz30": 3.165, "ry01": -1.585, "ry11": -1.893, "ry21": 0.206, "ry31": -1.258, "rz02": 0.653, "rz12": -0.572, "rz22": 0.339, "rz32": -2.217, "ry03": -2.85, "ry13": 2.523, "ry23": -1.518, "ry33": 0.492}}, "epoch_65": {"epoch": 65, "angles": {"rz00": 2.88, "rz10": 3.228, "rz20": -3.114, "rz30": 3.159, "ry01": -1.571, "ry11": -1.89, "ry21": 0.185, "ry31": -1.257, "rz02": 0.643, "rz12": -0.558, "rz22": 0.336, "rz32": -2.221, "ry03": -2.852, "ry13": 2.524, "ry23": -1.522, "ry33": 0.49}}, "epoch_66": {"epoch": 66, "angles": {"rz00": 2.881, "rz10": 3.23, "rz20": -3.118, "rz30": 3.152, "ry01": -1.559, "ry11": -1.884, "ry21": 0.164, "ry31": -1.257, "rz02": 0.634, "rz12": -0.544, "rz22": 0.333, "rz32": -2.224, "ry03": -2.855, "ry13": 2.526, "ry23": -1.524, "ry33": 0.489}}, "epoch_67": {"epoch": 67, "angles": {"rz00": 2.883, "rz10": 3.23, "rz20": -3.122, "rz30": 3.144, "ry01": -1.549, "ry11": -1.876, "ry21": 0.145, "ry31": -1.258, "rz02": 0.626, "rz12": -0.531, "rz22": 0.331, "rz32": -2.229, "ry03": -2.859, "ry13": 2.528, "ry23": -1.526, "ry33": 0.487}}, "epoch_68": {"epoch": 68, "angles": {"rz00": 2.885, "rz10": 3.228, "rz20": -3.126, "rz30": 3.137, "ry01": -1.541, "ry11": -1.867, "ry21": 0.128, "ry31": -1.262, "rz02": 0.617, "rz12": -0.519, "rz22": 0.328, "rz32": -2.236, "ry03": -2.863, "ry13": 2.529, "ry23": -1.528, "ry33": 0.486}}, "epoch_69": {"epoch": 69, "angles": {"rz00": 2.887, "rz10": 3.226, "rz20": -3.129, "rz30": 3.131, "ry01": -1.534, "ry11": -1.857, "ry21": 0.112, "ry31": -1.267, "rz02": 0.609, "rz12": -0.508, "rz22": 0.327, "rz32": -2.24, "ry03": -2.866, "ry13": 2.531, "ry23": -1.529, "ry33": 0.487}}, "epoch_70": {"epoch": 70, "angles": {"rz00": 2.889, "rz10": 3.223, "rz20": -3.132, "rz30": 3.127, "ry01": -1.528, "ry11": -1.848, "ry21": 0.098, "ry31": -1.275, "rz02": 0.601, "rz12": -0.497, "rz22": 0.323, "rz32": -2.244, "ry03": -2.868, "ry13": 2.532, "ry23": -1.532, "ry33": 0.487}}, "epoch_71": {"epoch": 71, "angles": {"rz00": 2.89, "rz10": 3.218, "rz20": -3.135, "rz30": 3.125, "ry01": -1.524, "ry11": -1.838, "ry21": 0.085, "ry31": -1.283, "rz02": 0.593, "rz12": -0.486, "rz22": 0.32, "rz32": -2.249, "ry03": -2.87, "ry13": 2.534, "ry23": -1.536, "ry33": 0.486}}, "epoch_72": {"epoch": 72, "angles": {"rz00": 2.892, "rz10": 3.213, "rz20": -3.137, "rz30": 3.125, "ry01": -1.521, "ry11": -1.829, "ry21": 0.073, "ry31": -1.293, "rz02": 0.586, "rz12": -0.475, "rz22": 0.318, "rz32": -2.253, "ry03": -2.869, "ry13": 2.535, "ry23": -1.539, "ry33": 0.484}}, "epoch_73": {"epoch": 73, "angles": {"rz00": 2.894, "rz10": 3.207, "rz20": -3.139, "rz30": 3.126, "ry01": -1.519, "ry11": -1.821, "ry21": 0.063, "ry31": -1.304, "rz02": 0.578, "rz12": -0.465, "rz22": 0.317, "rz32": -2.254, "ry03": -2.867, "ry13": 2.536, "ry23": -1.542, "ry33": 0.482}}, "epoch_74": {"epoch": 74, "angles": {"rz00": 2.896, "rz10": 3.201, "rz20": -3.141, "rz30": 3.13, "ry01": -1.518, "ry11": -1.813, "ry21": 0.055, "ry31": -1.315, "rz02": 0.57, "rz12": -0.455, "rz22": 0.315, "rz32": -2.252, "ry03": -2.863, "ry13": 2.537, "ry23": -1.546, "ry33": 0.481}}, "epoch_75": {"epoch": 75, "angles": {"rz00": 2.898, "rz10": 3.194, "rz20": -3.143, "rz30": 3.134, "ry01": -1.518, "ry11": -1.805, "ry21": 0.047, "ry31": -1.326, "rz02": 0.562, "rz12": -0.445, "rz22": 0.314, "rz32": -2.251, "ry03": -2.858, "ry13": 2.538, "ry23": -1.549, "ry33": 0.48}}, "epoch_76": {"epoch": 76, "angles": {"rz00": 2.9, "rz10": 3.188, "rz20": -3.145, "rz30": 3.139, "ry01": -1.52, "ry11": -1.797, "ry21": 0.041, "ry31": -1.336, "rz02": 0.555, "rz12": -0.435, "rz22": 0.313, "rz32": -2.248, "ry03": -2.851, "ry13": 2.539, "ry23": -1.555, "ry33": 0.479}}, "epoch_77": {"epoch": 77, "angles": {"rz00": 2.902, "rz10": 3.181, "rz20": -3.146, "rz30": 3.144, "ry01": -1.522, "ry11": -1.789, "ry21": 0.036, "ry31": -1.347, "rz02": 0.547, "rz12": -0.425, "rz22": 0.311, "rz32": -2.247, "ry03": -2.844, "ry13": 2.541, "ry23": -1.56, "ry33": 0.477}}, "epoch_78": {"epoch": 78, "angles": {"rz00": 2.904, "rz10": 3.174, "rz20": -3.148, "rz30": 3.148, "ry01": -1.524, "ry11": -1.781, "ry21": 0.032, "ry31": -1.357, "rz02": 0.539, "rz12": -0.416, "rz22": 0.312, "rz32": -2.246, "ry03": -2.836, "ry13": 2.54, "ry23": -1.563, "ry33": 0.477}}, "epoch_79": {"epoch": 79, "angles": {"rz00": 2.906, "rz10": 3.167, "rz20": -3.149, "rz30": 3.151, "ry01": -1.528, "ry11": -1.772, "ry21": 0.029, "ry31": -1.368, "rz02": 0.532, "rz12": -0.406, "rz22": 0.312, "rz32": -2.244, "ry03": -2.829, "ry13": 2.541, "ry23": -1.565, "ry33": 0.478}}, "epoch_80": {"epoch": 80, "angles": {"rz00": 2.909, "rz10": 3.161, "rz20": -3.15, "rz30": 3.152, "ry01": -1.532, "ry11": -1.762, "ry21": 0.027, "ry31": -1.379, "rz02": 0.524, "rz12": -0.397, "rz22": 0.311, "rz32": -2.245, "ry03": -2.823, "ry13": 2.541, "ry23": -1.567, "ry33": 0.479}}, "epoch_81": {"epoch": 81, "angles": {"rz00": 2.911, "rz10": 3.155, "rz20": -3.151, "rz30": 3.152, "ry01": -1.537, "ry11": -1.752, "ry21": 0.027, "ry31": -1.39, "rz02": 0.517, "rz12": -0.389, "rz22": 0.311, "rz32": -2.246, "ry03": -2.818, "ry13": 2.54, "ry23": -1.568, "ry33": 0.48}}, "epoch_82": {"epoch": 82, "angles": {"rz00": 2.913, "rz10": 3.149, "rz20": -3.152, "rz30": 3.151, "ry01": -1.542, "ry11": -1.741, "ry21": 0.026, "ry31": -1.401, "rz02": 0.51, "rz12": -0.38, "rz22": 0.314, "rz32": -2.248, "ry03": -2.814, "ry13": 2.54, "ry23": -1.568, "ry33": 0.482}}, "epoch_83": {"epoch": 83, "angles": {"rz00": 2.915, "rz10": 3.144, "rz20": -3.153, "rz30": 3.149, "ry01": -1.548, "ry11": -1.73, "ry21": 0.027, "ry31": -1.413, "rz02": 0.503, "rz12": -0.372, "rz22": 0.316, "rz32": -2.247, "ry03": -2.812, "ry13": 2.539, "ry23": -1.568, "ry33": 0.484}}, "epoch_84": {"epoch": 84, "angles": {"rz00": 2.917, "rz10": 3.139, "rz20": -3.154, "rz30": 3.146, "ry01": -1.553, "ry11": -1.718, "ry21": 0.028, "ry31": -1.425, "rz02": 0.496, "rz12": -0.364, "rz22": 0.318, "rz32": -2.245, "ry03": -2.811, "ry13": 2.536, "ry23": -1.568, "ry33": 0.486}}, "epoch_85": {"epoch": 85, "angles": {"rz00": 2.919, "rz10": 3.135, "rz20": -3.154, "rz30": 3.142, "ry01": -1.559, "ry11": -1.706, "ry21": 0.03, "ry31": -1.437, "rz02": 0.489, "rz12": -0.356, "rz22": 0.319, "rz32": -2.244, "ry03": -2.811, "ry13": 2.533, "ry23": -1.567, "ry33": 0.489}}, "epoch_86": {"epoch": 86, "angles": {"rz00": 2.921, "rz10": 3.132, "rz20": -3.155, "rz30": 3.139, "ry01": -1.565, "ry11": -1.694, "ry21": 0.033, "ry31": -1.449, "rz02": 0.482, "rz12": -0.349, "rz22": 0.32, "rz32": -2.243, "ry03": -2.812, "ry13": 2.529, "ry23": -1.565, "ry33": 0.491}}, "epoch_87": {"epoch": 87, "angles": {"rz00": 2.923, "rz10": 3.128, "rz20": -3.155, "rz30": 3.137, "ry01": -1.571, "ry11": -1.682, "ry21": 0.036, "ry31": -1.461, "rz02": 0.476, "rz12": -0.341, "rz22": 0.321, "rz32": -2.241, "ry03": -2.814, "ry13": 2.528, "ry23": -1.564, "ry33": 0.493}}, "epoch_88": {"epoch": 88, "angles": {"rz00": 2.925, "rz10": 3.126, "rz20": -3.156, "rz30": 3.135, "ry01": -1.576, "ry11": -1.671, "ry21": 0.039, "ry31": -1.474, "rz02": 0.469, "rz12": -0.334, "rz22": 0.324, "rz32": -2.239, "ry03": -2.815, "ry13": 2.528, "ry23": -1.562, "ry33": 0.497}}, "epoch_89": {"epoch": 89, "angles": {"rz00": 2.927, "rz10": 3.124, "rz20": -3.156, "rz30": 3.135, "ry01": -1.581, "ry11": -1.66, "ry21": 0.043, "ry31": -1.486, "rz02": 0.462, "rz12": -0.327, "rz22": 0.323, "rz32": -2.239, "ry03": -2.816, "ry13": 2.529, "ry23": -1.56, "ry33": 0.503}}, "epoch_90": {"epoch": 90, "angles": {"rz00": 2.928, "rz10": 3.122, "rz20": -3.157, "rz30": 3.135, "ry01": -1.585, "ry11": -1.65, "ry21": 0.047, "ry31": -1.498, "rz02": 0.456, "rz12": -0.319, "rz22": 0.323, "rz32": -2.24, "ry03": -2.816, "ry13": 2.527, "ry23": -1.56, "ry33": 0.508}}, "epoch_91": {"epoch": 91, "angles": {"rz00": 2.93, "rz10": 3.121, "rz20": -3.157, "rz30": 3.136, "ry01": -1.589, "ry11": -1.64, "ry21": 0.051, "ry31": -1.509, "rz02": 0.449, "rz12": -0.312, "rz22": 0.323, "rz32": -2.239, "ry03": -2.816, "ry13": 2.526, "ry23": -1.557, "ry33": 0.513}}, "epoch_92": {"epoch": 92, "angles": {"rz00": 2.931, "rz10": 3.121, "rz20": -3.157, "rz30": 3.138, "ry01": -1.593, "ry11": -1.631, "ry21": 0.056, "ry31": -1.52, "rz02": 0.443, "rz12": -0.305, "rz22": 0.325, "rz32": -2.24, "ry03": -2.815, "ry13": 2.525, "ry23": -1.555, "ry33": 0.518}}, "epoch_93": {"epoch": 93, "angles": {"rz00": 2.932, "rz10": 3.121, "rz20": -3.158, "rz30": 3.14, "ry01": -1.595, "ry11": -1.623, "ry21": 0.06, "ry31": -1.53, "rz02": 0.436, "rz12": -0.298, "rz22": 0.327, "rz32": -2.241, "ry03": -2.814, "ry13": 2.524, "ry23": -1.556, "ry33": 0.523}}, "epoch_94": {"epoch": 94, "angles": {"rz00": 2.933, "rz10": 3.121, "rz20": -3.158, "rz30": 3.142, "ry01": -1.597, "ry11": -1.615, "ry21": 0.064, "ry31": -1.54, "rz02": 0.43, "rz12": -0.291, "rz22": 0.329, "rz32": -2.242, "ry03": -2.813, "ry13": 2.524, "ry23": -1.554, "ry33": 0.529}}, "epoch_95": {"epoch": 95, "angles": {"rz00": 2.934, "rz10": 3.122, "rz20": -3.158, "rz30": 3.144, "ry01": -1.598, "ry11": -1.607, "ry21": 0.069, "ry31": -1.55, "rz02": 0.423, "rz12": -0.284, "rz22": 0.331, "rz32": -2.244, "ry03": -2.812, "ry13": 2.523, "ry23": -1.553, "ry33": 0.534}}, "epoch_96": {"epoch": 96, "angles": {"rz00": 2.934, "rz10": 3.123, "rz20": -3.158, "rz30": 3.145, "ry01": -1.599, "ry11": -1.6, "ry21": 0.073, "ry31": -1.558, "rz02": 0.417, "rz12": -0.278, "rz22": 0.332, "rz32": -2.244, "ry03": -2.811, "ry13": 2.523, "ry23": -1.552, "ry33": 0.539}}, "epoch_97": {"epoch": 97, "angles": {"rz00": 2.935, "rz10": 3.124, "rz20": -3.158, "rz30": 3.146, "ry01": -1.598, "ry11": -1.594, "ry21": 0.078, "ry31": -1.565, "rz02": 0.411, "rz12": -0.271, "rz22": 0.334, "rz32": -2.243, "ry03": -2.811, "ry13": 2.522, "ry23": -1.551, "ry33": 0.545}}, "epoch_98": {"epoch": 98, "angles": {"rz00": 2.935, "rz10": 3.125, "rz20": -3.158, "rz30": 3.146, "ry01": -1.597, "ry11": -1.588, "ry21": 0.082, "ry31": -1.572, "rz02": 0.405, "rz12": -0.265, "rz22": 0.334, "rz32": -2.243, "ry03": -2.811, "ry13": 2.522, "ry23": -1.552, "ry33": 0.548}}, "epoch_99": {"epoch": 99, "angles": {"rz00": 2.935, "rz10": 3.127, "rz20": -3.159, "rz30": 3.145, "ry01": -1.596, "ry11": -1.583, "ry21": 0.086, "ry31": -1.578, "rz02": 0.399, "rz12": -0.258, "rz22": 0.335, "rz32": -2.242, "ry03": -2.812, "ry13": 2.52, "ry23": -1.554, "ry33": 0.55}}, "epoch_100": {"epoch": 100, "angles": {"rz00": 2.935, "rz10": 3.128, "rz20": -3.159, "rz30": 3.144, "ry01": -1.594, "ry11": -1.578, "ry21": 0.09, "ry31": -1.583, "rz02": 0.393, "rz12": -0.252, "rz22": 0.337, "rz32": -2.242, "ry03": -2.814, "ry13": 2.519, "ry23": -1.555, "ry33": 0.552}}}